{
    "name": "root",
    "gauges": {
        "MoveToGoal.Policy.Entropy.mean": {
            "value": 1.3279688358306885,
            "min": 1.327789068222046,
            "max": 1.3693034648895264,
            "count": 37
        },
        "MoveToGoal.Policy.Entropy.sum": {
            "value": 13200.0107421875,
            "min": 12988.72265625,
            "max": 15192.421875,
            "count": 37
        },
        "MoveToGoal.Environment.EpisodeLength.mean": {
            "value": 19.174698795180724,
            "min": 19.174698795180724,
            "max": 129.02439024390245,
            "count": 37
        },
        "MoveToGoal.Environment.EpisodeLength.sum": {
            "value": 9549.0,
            "min": 8243.0,
            "max": 11132.0,
            "count": 37
        },
        "MoveToGoal.Step.mean": {
            "value": 369986.0,
            "min": 9949.0,
            "max": 369986.0,
            "count": 37
        },
        "MoveToGoal.Step.sum": {
            "value": 369986.0,
            "min": 9949.0,
            "max": 369986.0,
            "count": 37
        },
        "MoveToGoal.Policy.ExtrinsicValueEstimate.mean": {
            "value": 0.8886192440986633,
            "min": -0.11412385106086731,
            "max": 0.900443971157074,
            "count": 37
        },
        "MoveToGoal.Policy.ExtrinsicValueEstimate.sum": {
            "value": 445.1982421875,
            "min": -24.63385772705078,
            "max": 445.1982421875,
            "count": 37
        },
        "MoveToGoal.Environment.CumulativeReward.mean": {
            "value": 0.9939879759519038,
            "min": -0.08737864077669903,
            "max": 1.0,
            "count": 37
        },
        "MoveToGoal.Environment.CumulativeReward.sum": {
            "value": 496.0,
            "min": -9.0,
            "max": 496.0,
            "count": 37
        },
        "MoveToGoal.Policy.ExtrinsicReward.mean": {
            "value": 0.9939879759519038,
            "min": -0.08737864077669903,
            "max": 1.0,
            "count": 37
        },
        "MoveToGoal.Policy.ExtrinsicReward.sum": {
            "value": 496.0,
            "min": -9.0,
            "max": 496.0,
            "count": 37
        },
        "MoveToGoal.IsTraining.mean": {
            "value": 1.0,
            "min": 1.0,
            "max": 1.0,
            "count": 37
        },
        "MoveToGoal.IsTraining.sum": {
            "value": 1.0,
            "min": 1.0,
            "max": 1.0,
            "count": 37
        },
        "MoveToGoal.Losses.PolicyLoss.mean": {
            "value": 0.01775032125102977,
            "min": 0.01775032125102977,
            "max": 0.03454450955614448,
            "count": 36
        },
        "MoveToGoal.Losses.PolicyLoss.sum": {
            "value": 0.01775032125102977,
            "min": 0.01775032125102977,
            "max": 0.03454450955614448,
            "count": 36
        },
        "MoveToGoal.Losses.ValueLoss.mean": {
            "value": 0.005655638749400774,
            "min": 0.002820419582227866,
            "max": 0.1124164434770743,
            "count": 36
        },
        "MoveToGoal.Losses.ValueLoss.sum": {
            "value": 0.005655638749400774,
            "min": 0.002820419582227866,
            "max": 0.1124164434770743,
            "count": 36
        },
        "MoveToGoal.Policy.LearningRate.mean": {
            "value": 7.826887391040001e-05,
            "min": 7.826887391040001e-05,
            "max": 0.00029385540204819995,
            "count": 36
        },
        "MoveToGoal.Policy.LearningRate.sum": {
            "value": 7.826887391040001e-05,
            "min": 7.826887391040001e-05,
            "max": 0.00029385540204819995,
            "count": 36
        },
        "MoveToGoal.Policy.Epsilon.mean": {
            "value": 0.12608960000000008,
            "min": 0.12608960000000008,
            "max": 0.19795180000000007,
            "count": 36
        },
        "MoveToGoal.Policy.Epsilon.sum": {
            "value": 0.12608960000000008,
            "min": 0.12608960000000008,
            "max": 0.19795180000000007,
            "count": 36
        },
        "MoveToGoal.Policy.Beta.mean": {
            "value": 0.00013783904,
            "min": 0.00013783904,
            "max": 0.0004899638199999999,
            "count": 36
        },
        "MoveToGoal.Policy.Beta.sum": {
            "value": 0.00013783904,
            "min": 0.00013783904,
            "max": 0.0004899638199999999,
            "count": 36
        }
    },
    "metadata": {
        "timer_format_version": "0.1.0",
        "start_time_seconds": "1713162101",
        "python_version": "3.10.2 (tags/v3.10.2:a58ebcc, Jan 17 2022, 14:12:15) [MSC v.1929 64 bit (AMD64)]",
        "command_line_arguments": "D:\\Unity Projects\\ML-Agents\\venv_3-10\\Scripts\\mlagents-learn MLAgents/config/moveToGoal.yaml --initialize-from=MoveToGoal --run-id=MoveToGoal2",
        "mlagents_version": "1.0.0",
        "mlagents_envs_version": "1.0.0",
        "communication_protocol_version": "1.5.0",
        "pytorch_version": "2.2.2+cu118",
        "numpy_version": "1.21.2",
        "end_time_seconds": "1713162428"
    },
    "total": 326.9122724000008,
    "count": 1,
    "self": 0.008520200000930345,
    "children": {
        "run_training.setup": {
            "total": 0.23505629999999655,
            "count": 1,
            "self": 0.23505629999999655
        },
        "TrainerController.start_learning": {
            "total": 326.6686958999999,
            "count": 1,
            "self": 0.4353201998383156,
            "children": {
                "TrainerController._reset_env": {
                    "total": 14.411014499997691,
                    "count": 1,
                    "self": 14.411014499997691
                },
                "TrainerController.advance": {
                    "total": 311.6010702001622,
                    "count": 17131,
                    "self": 0.40292499998031417,
                    "children": {
                        "env_step": {
                            "total": 169.57990580021578,
                            "count": 17131,
                            "self": 137.28337600048326,
                            "children": {
                                "SubprocessEnvManager._take_step": {
                                    "total": 32.03893589974541,
                                    "count": 17131,
                                    "self": 1.0371250998687174,
                                    "children": {
                                        "TorchPolicy.evaluate": {
                                            "total": 31.001810799876694,
                                            "count": 10634,
                                            "self": 31.001810799876694
                                        }
                                    }
                                },
                                "workers": {
                                    "total": 0.2575938999871141,
                                    "count": 17130,
                                    "self": 0.0,
                                    "children": {
                                        "worker_root": {
                                            "total": 306.42315419992883,
                                            "count": 17130,
                                            "is_parallel": true,
                                            "self": 206.56365960029143,
                                            "children": {
                                                "steps_from_proto": {
                                                    "total": 0.0008277000015368685,
                                                    "count": 1,
                                                    "is_parallel": true,