{
    "name": "root",
    "gauges": {
        "DroneRacer.Policy.Entropy.mean": {
            "value": -1.778192400932312,
            "min": -1.778192400932312,
            "max": 1.3504478931427002,
            "count": 3644
        },
        "DroneRacer.Policy.Entropy.sum": {
            "value": -17515.1953125,
            "min": -18397.130859375,
            "max": 15327.583984375,
            "count": 3644
        },
        "DroneRacer.Environment.EpisodeLength.mean": {
            "value": 59.0,
            "min": 14.899841017488077,
            "max": 59.036144578313255,
            "count": 3644
        },
        "DroneRacer.Environment.EpisodeLength.sum": {
            "value": 9794.0,
            "min": 8300.0,
            "max": 11150.0,
            "count": 3644
        },
        "DroneRacer.Step.mean": {
            "value": 37119989.0,
            "min": 689963.0,
            "max": 37119989.0,
            "count": 3644
        },
        "DroneRacer.Step.sum": {
            "value": 37119989.0,
            "min": 689963.0,
            "max": 37119989.0,
            "count": 3644
        },
        "DroneRacer.Policy.ExtrinsicValueEstimate.mean": {
            "value": -0.034164249897003174,
            "min": -2.5952677726745605,
            "max": 0.08234494924545288,
            "count": 3644
        },
        "DroneRacer.Policy.ExtrinsicValueEstimate.sum": {
            "value": -5.705430030822754,
            "min": -848.652587890625,
            "max": 41.347633361816406,
            "count": 3644
        },
        "DroneRacer.Environment.CumulativeReward.mean": {
            "value": 4.5,
            "min": 0.01639344262295082,
            "max": 4.5,
            "count": 3644
        },
        "DroneRacer.Environment.CumulativeReward.sum": {
            "value": 751.5,
            "min": 4.0,
            "max": 1887.0,
            "count": 3644
        },
        "DroneRacer.Policy.ExtrinsicReward.mean": {
            "value": 4.5,
            "min": 0.01639344262295082,
            "max": 4.5,
            "count": 3644
        },
        "DroneRacer.Policy.ExtrinsicReward.sum": {
            "value": 751.5,
            "min": 4.0,
            "max": 1887.0,
            "count": 3644
        },
        "DroneRacer.IsTraining.mean": {
            "value": 1.0,
            "min": 1.0,
            "max": 1.0,
            "count": 3644
        },
        "DroneRacer.IsTraining.sum": {
            "value": 1.0,
            "min": 1.0,
            "max": 1.0,
            "count": 3644
        },
        "DroneRacer.Losses.PolicyLoss.mean": {
            "value": 0.023395903625835976,
            "min": 0.013547207151229182,
            "max": 0.05888684627910455,
            "count": 3487
        },
        "DroneRacer.Losses.PolicyLoss.sum": {
            "value": 0.023395903625835976,
            "min": 0.013547207151229182,
            "max": 0.05888684627910455,
            "count": 3487
        },
        "DroneRacer.Losses.ValueLoss.mean": {
            "value": 5.233827882496674e-07,
            "min": 5.116703514810676e-07,
            "max": 2.80817927022775,
            "count": 3487
        },
        "DroneRacer.Losses.ValueLoss.sum": {
            "value": 5.233827882496674e-07,
            "min": 5.116703514810676e-07,
            "max": 2.80817927022775,
            "count": 3487
        },
        "DroneRacer.Policy.LearningRate.mean": {
            "value": 0.00018866509011164904,
            "min": 0.00018866509011164904,
            "max": 0.000297923055692315,
            "count": 3487
        },
        "DroneRacer.Policy.LearningRate.sum": {
            "value": 0.00018866509011164904,
            "min": 0.00018866509011164904,
            "max": 0.000297923055692315,
            "count": 3487
        },
        "DroneRacer.Policy.Epsilon.mean": {
            "value": 0.16288835100000004,
            "min": 0.16288835100000004,
            "max": 0.199307685,
            "count": 3487
        },
        "DroneRacer.Policy.Epsilon.sum": {
            "value": 0.16288835100000004,
            "min": 0.16288835100000004,
            "max": 0.199307685,
            "count": 3487
        },
        "DroneRacer.Policy.Beta.mean": {
            "value": 0.00031815291990000007,
            "min": 0.00031815291990000007,
            "max": 0.0004966076565,
            "count": 3487
        },
        "DroneRacer.Policy.Beta.sum": {
            "value": 0.00031815291990000007,
            "min": 0.00031815291990000007,
            "max": 0.0004966076565,
            "count": 3487
        }
    },
    "metadata": {
        "timer_format_version": "0.1.0",
        "start_time_seconds": "1713770303",
        "python_version": "3.10.2 (tags/v3.10.2:a58ebcc, Jan 17 2022, 14:12:15) [MSC v.1929 64 bit (AMD64)]",
        "command_line_arguments": "D:\\Unity Projects\\ML-Agents\\venv_3-10\\Scripts\\mlagents-learn D:\\Unity Projects\\ML-Agents\\MLAgents\\config\\moveToGoal.yaml --resume --run-id DroneRacer0",
        "mlagents_version": "1.0.0",
        "mlagents_envs_version": "1.0.0",
        "communication_protocol_version": "1.5.0",
        "pytorch_version": "2.2.2+cu118",
        "numpy_version": "1.21.2",
        "end_time_seconds": "1713793277"
    },
    "total": 22973.94451609999,
    "count": 1,
    "self": 0.013157199980923906,
    "children": {
        "run_training.setup": {
            "total": 0.13671619999513496,
            "count": 1,
            "self": 0.13671619999513496
        },
        "TrainerController.start_learning": {
            "total": 22973.794642700013,
            "count": 1,
            "self": 20.098001101679984,
            "children": {
                "TrainerController._reset_env": {
                    "total": 11.412462099993718,
                    "count": 1,
                    "self": 11.412462099993718
                },
                "TrainerController.advance": {
                    "total": 22942.148262998337,
                    "count": 942865,
                    "self": 19.395227701796102,
                    "children": {
                        "env_step": {
                            "total": 12793.683664697572,
                            "count": 942865,
                            "self": 10723.356332602663,
                            "children": {
                                "SubprocessEnvManager._take_step": {
                                    "total": 2057.6478468066925,
                                    "count": 942865,
                                    "self": 70.39742870601185,
                                    "children": {
                                        "TorchPolicy.evaluate": {
                                            "total": 1987.2504181006807,
                                            "count": 728887,
                                            "self": 1987.2504181006807
                                        }
                                    }
                                },
                                "workers": {
                                    "total": 12.679485288215801,
                                    "count": 942864,
                                    "self": 0.0,
                                    "children": {
                                        "worker_root": {
                                            "total": 22918.073357493864,
                                            "count": 942864,
                                            "is_parallel": true,
                                            "self": 14224.470162891594,
                                            "children": {
                                                "steps_from_proto": {
                                                    "total": 0.0016109999996842816,
                                                    "count": 1,
                                                    "is_parallel": true,