{
    "name": "root",
    "gauges": {
        "DroneAgent.Policy.Entropy.mean": {
            "value": 0.7277752757072449,
            "min": 0.7277752757072449,
            "max": 1.2238539457321167,
            "count": 302
        },
        "DroneAgent.Policy.Entropy.sum": {
            "value": 7277.7529296875,
            "min": 7267.58935546875,
            "max": 12544.5029296875,
            "count": 302
        },
        "DroneAgent.Environment.EpisodeLength.mean": {
            "value": 5.988120195667365,
            "min": 5.8207225630538515,
            "max": 7.874001774622893,
            "count": 302
        },
        "DroneAgent.Environment.EpisodeLength.sum": {
            "value": 8569.0,
            "min": 8372.0,
            "max": 8961.0,
            "count": 302
        },
        "DroneAgent.Step.mean": {
            "value": 3019995.0,
            "min": 9998.0,
            "max": 3019995.0,
            "count": 302
        },
        "DroneAgent.Step.sum": {
            "value": 3019995.0,
            "min": 9998.0,
            "max": 3019995.0,
            "count": 302
        },
        "DroneAgent.Policy.ExtrinsicValueEstimate.mean": {
            "value": 0.8649361729621887,
            "min": -0.43383708596229553,
            "max": 0.8649361729621887,
            "count": 302
        },
        "DroneAgent.Policy.ExtrinsicValueEstimate.sum": {
            "value": 1238.588623046875,
            "min": -535.788818359375,
            "max": 1251.7132568359375,
            "count": 302
        },
        "DroneAgent.Environment.CumulativeReward.mean": {
            "value": 0.8951781970649895,
            "min": -0.4052547770700637,
            "max": 0.8955431754874652,
            "count": 302
        },
        "DroneAgent.Environment.CumulativeReward.sum": {
            "value": 1281.0,
            "min": -509.0,
            "max": 1299.0,
            "count": 302
        },
        "DroneAgent.Policy.ExtrinsicReward.mean": {
            "value": 0.8951781970649895,
            "min": -0.4052547770700637,
            "max": 0.8955431754874652,
            "count": 302
        },
        "DroneAgent.Policy.ExtrinsicReward.sum": {
            "value": 1281.0,
            "min": -509.0,
            "max": 1299.0,
            "count": 302
        },
        "DroneAgent.IsTraining.mean": {
            "value": 1.0,
            "min": 1.0,
            "max": 1.0,
            "count": 302
        },
        "DroneAgent.IsTraining.sum": {
            "value": 1.0,
            "min": 1.0,
            "max": 1.0,
            "count": 302
        },
        "DroneAgent.Losses.PolicyLoss.mean": {
            "value": 0.023004979314282536,
            "min": 0.014351770312835773,
            "max": 0.0335752814852943,
            "count": 294
        },
        "DroneAgent.Losses.PolicyLoss.sum": {
            "value": 0.023004979314282536,
            "min": 0.014351770312835773,
            "max": 0.0335752814852943,
            "count": 294
        },
        "DroneAgent.Losses.ValueLoss.mean": {
            "value": 0.07820741708079974,
            "min": 0.04546354338526726,
            "max": 0.768302849928538,
            "count": 294
        },
        "DroneAgent.Losses.ValueLoss.sum": {
            "value": 0.07820741708079974,
            "min": 0.04546354338526726,
            "max": 0.768302849928538,
            "count": 294
        },
        "DroneAgent.Policy.LearningRate.mean": {
            "value": 0.00011924550025151996,
            "min": 0.00011924550025151996,
            "max": 0.0002993854802048401,
            "count": 294
        },
        "DroneAgent.Policy.LearningRate.sum": {
            "value": 0.00011924550025151996,
            "min": 0.00011924550025151996,
            "max": 0.0002993854802048401,
            "count": 294
        },
        "DroneAgent.Policy.Epsilon.mean": {
            "value": 0.13974848000000004,
            "min": 0.13974848000000004,
            "max": 0.19979515999999997,
            "count": 294
        },
        "DroneAgent.Policy.Epsilon.sum": {
            "value": 0.13974848000000004,
            "min": 0.13974848000000004,
            "max": 0.19979515999999997,
            "count": 294
        },
        "DroneAgent.Policy.Beta.mean": {
            "value": 0.00020476755200000003,
            "min": 0.00020476755200000003,
            "max": 0.0004989962840000001,
            "count": 294
        },
        "DroneAgent.Policy.Beta.sum": {
            "value": 0.00020476755200000003,
            "min": 0.00020476755200000003,
            "max": 0.0004989962840000001,
            "count": 294
        }
    },
    "metadata": {
        "timer_format_version": "0.1.0",
        "start_time_seconds": "1713496895",
        "python_version": "3.10.2 (tags/v3.10.2:a58ebcc, Jan 17 2022, 14:12:15) [MSC v.1929 64 bit (AMD64)]",
        "command_line_arguments": "D:\\Unity Projects\\ML-Agents\\venv_3-10\\Scripts\\mlagents-learn MLAgents/config/moveToGoal.yaml --run-id DroneAgent3 --force --initialize-from DroneAgent2",
        "mlagents_version": "1.0.0",
        "mlagents_envs_version": "1.0.0",
        "communication_protocol_version": "1.5.0",
        "pytorch_version": "2.2.2+cu118",
        "numpy_version": "1.21.2",
        "end_time_seconds": "1713502204"
    },
    "total": 5308.486792399999,
    "count": 1,
    "self": 0.016211800000746734,
    "children": {
        "run_training.setup": {
            "total": 0.17682119999517454,
            "count": 1,
            "self": 0.17682119999517454
        },
        "TrainerController.start_learning": {
            "total": 5308.293759400003,
            "count": 1,
            "self": 11.431075901789882,
            "children": {
                "TrainerController._reset_env": {
                    "total": 15.624178099998971,
                    "count": 1,
                    "self": 15.624178099998971
                },
                "TrainerController.advance": {
                    "total": 5281.06991589821,
                    "count": 356646,
                    "self": 9.405850198992994,
                    "children": {
                        "env_step": {
                            "total": 2510.0526533974407,
                            "count": 356646,
                            "self": 2107.5197333990727,
                            "children": {
                                "SubprocessEnvManager._take_step": {
                                    "total": 396.40182719854056,
                                    "count": 356646,
                                    "self": 14.600549698508985,
                                    "children": {
                                        "TorchPolicy.evaluate": {
                                            "total": 381.8012775000316,
                                            "count": 121037,
                                            "self": 381.8012775000316
                                        }
                                    }
                                },
                                "workers": {
                                    "total": 6.1310927998274565,
                                    "count": 356645,
                                    "self": 0.0,
                                    "children": {
                                        "worker_root": {
                                            "total": 5268.618591898994,
                                            "count": 356645,
                                            "is_parallel": true,
                                            "self": 3726.9425867012833,
                                            "children": {
                                                "steps_from_proto": {
                                                    "total": 0.0007001999983913265,
                                                    "count": 1,