{
    "name": "root",
    "gauges": {
        "DroneAgent.Policy.Entropy.mean": {
            "value": 1.4236576557159424,
            "min": 1.4183378219604492,
            "max": 1.4389152526855469,
            "count": 62
        },
        "DroneAgent.Policy.Entropy.sum": {
            "value": 14236.5771484375,
            "min": 13827.1513671875,
            "max": 15289.060546875,
            "count": 62
        },
        "DroneAgent.Environment.EpisodeLength.mean": {
            "value": 1.010458567980692,
            "min": 1.010458567980692,
            "max": 67.97810218978103,
            "count": 62
        },
        "DroneAgent.Environment.EpisodeLength.sum": {
            "value": 5024.0,
            "min": 5024.0,
            "max": 10427.0,
            "count": 62
        },
        "DroneAgent.Step.mean": {
            "value": 619998.0,
            "min": 9963.0,
            "max": 619998.0,
            "count": 62
        },
        "DroneAgent.Step.sum": {
            "value": 619998.0,
            "min": 9963.0,
            "max": 619998.0,
            "count": 62
        },
        "DroneAgent.Policy.ExtrinsicValueEstimate.mean": {
            "value": 0.9926072359085083,
            "min": 0.02146325446665287,
            "max": 0.9956080317497253,
            "count": 62
        },
        "DroneAgent.Policy.ExtrinsicValueEstimate.sum": {
            "value": 4937.228515625,
            "min": 5.687762260437012,
            "max": 4942.1982421875,
            "count": 62
        },
        "DroneAgent.Environment.CumulativeReward.mean": {
            "value": 0.997989545637314,
            "min": 0.14857142857142858,
            "max": 0.9991935483870967,
            "count": 62
        },
        "DroneAgent.Environment.CumulativeReward.sum": {
            "value": 4964.0,
            "min": 26.0,
            "max": 4964.0,
            "count": 62
        },
        "DroneAgent.Policy.ExtrinsicReward.mean": {
            "value": 0.997989545637314,
            "min": 0.14857142857142858,
            "max": 0.9991935483870967,
            "count": 62
        },
        "DroneAgent.Policy.ExtrinsicReward.sum": {
            "value": 4964.0,
            "min": 26.0,
            "max": 4964.0,
            "count": 62
        },
        "DroneAgent.IsTraining.mean": {
            "value": 1.0,
            "min": 1.0,
            "max": 1.0,
            "count": 62
        },
        "DroneAgent.IsTraining.sum": {
            "value": 1.0,
            "min": 1.0,
            "max": 1.0,
            "count": 62
        },
        "DroneAgent.Losses.PolicyLoss.mean": {
            "value": 0.025150676847745974,
            "min": 0.017866572660083572,
            "max": 0.0355738219494621,
            "count": 60
        },
        "DroneAgent.Losses.PolicyLoss.sum": {
            "value": 0.025150676847745974,
            "min": 0.017866572660083572,
            "max": 0.0355738219494621,
            "count": 60
        },
        "DroneAgent.Losses.ValueLoss.mean": {
            "value": 0.009968225075863302,
            "min": 0.0029198092738321672,
            "max": 0.4244707028071086,
            "count": 60
        },
        "DroneAgent.Losses.ValueLoss.sum": {
            "value": 0.009968225075863302,
            "min": 0.0029198092738321672,
            "max": 0.4244707028071086,
            "count": 60
        },
        "DroneAgent.Policy.LearningRate.mean": {
            "value": 0.000298153713615429,
            "min": 0.000298153713615429,
            "max": 0.000299969238010254,
            "count": 60
        },
        "DroneAgent.Policy.LearningRate.sum": {
            "value": 0.000298153713615429,
            "min": 0.000298153713615429,
            "max": 0.000299969238010254,
            "count": 60
        },
        "DroneAgent.Policy.Epsilon.mean": {
            "value": 0.1993845710000001,
            "min": 0.1993845710000001,
            "max": 0.19998974600000002,
            "count": 60
        },
        "DroneAgent.Policy.Epsilon.sum": {
            "value": 0.1993845710000001,
            "min": 0.1993845710000001,
            "max": 0.19998974600000002,
            "count": 60
        },
        "DroneAgent.Policy.Beta.mean": {
            "value": 0.0004969843979,
            "min": 0.0004969843979,
            "max": 0.0004999497554000002,
            "count": 60
        },
        "DroneAgent.Policy.Beta.sum": {
            "value": 0.0004969843979,
            "min": 0.0004969843979,
            "max": 0.0004999497554000002,
            "count": 60
        }
    },
    "metadata": {
        "timer_format_version": "0.1.0",
        "start_time_seconds": "1713454899",
        "python_version": "3.10.2 (tags/v3.10.2:a58ebcc, Jan 17 2022, 14:12:15) [MSC v.1929 64 bit (AMD64)]",
        "command_line_arguments": "D:\\Unity Projects\\ML-Agents\\venv_3-10\\Scripts\\mlagents-learn --run-id DroneAgent0 --force D:\\Unity Projects\\ML-Agents\\MLAgents\\config\\moveToGoal.yaml",
        "mlagents_version": "1.0.0",
        "mlagents_envs_version": "1.0.0",
        "communication_protocol_version": "1.5.0",
        "pytorch_version": "2.2.2+cu118",
        "numpy_version": "1.21.2",
        "end_time_seconds": "1713455747"
    },
    "total": 847.9780129999995,
    "count": 1,
    "self": 0.01051219999908426,
    "children": {
        "run_training.setup": {
            "total": 0.12854969999989407,
            "count": 1,
            "self": 0.12854969999989407
        },
        "TrainerController.start_learning": {
            "total": 847.8389511000005,
            "count": 1,
            "self": 1.3951908000417461,
            "children": {
                "TrainerController._reset_env": {
                    "total": 9.1104464,
                    "count": 1,
                    "self": 9.1104464
                },
                "TrainerController.advance": {
                    "total": 837.1681523999587,
                    "count": 64531,
                    "self": 1.1821460999617557,
                    "children": {
                        "env_step": {
                            "total": 379.7798906999751,
                            "count": 64531,
                            "self": 315.07592290006914,
                            "children": {
                                "SubprocessEnvManager._take_step": {
                                    "total": 63.9162126998508,
                                    "count": 64531,
                                    "self": 1.9830061998372912,
                                    "children": {
                                        "TorchPolicy.evaluate": {
                                            "total": 61.93320650001351,
                                            "count": 24864,
                                            "self": 61.93320650001351
                                        }
                                    }
                                },
                                "workers": {
                                    "total": 0.7877551000551648,
                                    "count": 64530,
                                    "self": 0.0,
                                    "children": {
                                        "worker_root": {
                                            "total": 830.9798455000723,
                                            "count": 64530,
                                            "is_parallel": true,
                                            "self": 599.1904417000119,
                                            "children": {
                                                "steps_from_proto": {
                                                    "total": 0.0004266999999344989,
                                                    "count": 1,
                                                    "is_parallel": true,