{
    "name": "root",
    "gauges": {
        "DroneAgent.Policy.Entropy.mean": {
            "value": 1.407928705215454,
            "min": 1.407928705215454,
            "max": 1.4241926670074463,
            "count": 20
        },
        "DroneAgent.Policy.Entropy.sum": {
            "value": 14044.0888671875,
            "min": 13706.37109375,
            "max": 15111.693359375,
            "count": 20
        },
        "DroneAgent.Environment.EpisodeLength.mean": {
            "value": 1.4531173294059891,
            "min": 1.4531173294059891,
            "max": 91.17021276595744,
            "count": 20
        },
        "DroneAgent.Environment.EpisodeLength.sum": {
            "value": 5920.0,
            "min": 5920.0,
            "max": 10333.0,
            "count": 20
        },
        "DroneAgent.Step.mean": {
            "value": 199999.0,
            "min": 9944.0,
            "max": 199999.0,
            "count": 20
        },
        "DroneAgent.Step.sum": {
            "value": 199999.0,
            "min": 9944.0,
            "max": 199999.0,
            "count": 20
        },
        "DroneAgent.Policy.ExtrinsicValueEstimate.mean": {
            "value": 0.9905763864517212,
            "min": 0.08334758877754211,
            "max": 0.9905763864517212,
            "count": 20
        },
        "DroneAgent.Policy.ExtrinsicValueEstimate.sum": {
            "value": 4037.58935546875,
            "min": 17.836383819580078,
            "max": 4037.58935546875,
            "count": 20
        },
        "DroneAgent.Environment.CumulativeReward.mean": {
            "value": 1.0,
            "min": 0.776595744680851,
            "max": 1.0,
            "count": 20
        },
        "DroneAgent.Environment.CumulativeReward.sum": {
            "value": 4076.0,
            "min": 73.0,
            "max": 4076.0,
            "count": 20
        },
        "DroneAgent.Policy.ExtrinsicReward.mean": {
            "value": 1.0,
            "min": 0.776595744680851,
            "max": 1.0,
            "count": 20
        },
        "DroneAgent.Policy.ExtrinsicReward.sum": {
            "value": 4076.0,
            "min": 73.0,
            "max": 4076.0,
            "count": 20
        },
        "DroneAgent.IsTraining.mean": {
            "value": 1.0,
            "min": 1.0,
            "max": 1.0,
            "count": 20
        },
        "DroneAgent.IsTraining.sum": {
            "value": 1.0,
            "min": 1.0,
            "max": 1.0,
            "count": 20
        },
        "DroneAgent.Losses.PolicyLoss.mean": {
            "value": 0.023096316556135813,
            "min": 0.01709826048463583,
            "max": 0.027228651692469914,
            "count": 19
        },
        "DroneAgent.Losses.PolicyLoss.sum": {
            "value": 0.023096316556135813,
            "min": 0.01709826048463583,
            "max": 0.027228651692469914,
            "count": 19
        },
        "DroneAgent.Losses.ValueLoss.mean": {
            "value": 4.818649116108039e-05,
            "min": 4.818649116108039e-05,
            "max": 0.22272810339927673,
            "count": 19
        },
        "DroneAgent.Losses.ValueLoss.sum": {
            "value": 4.818649116108039e-05,
            "min": 4.818649116108039e-05,
            "max": 0.22272810339927673,
            "count": 19
        },
        "DroneAgent.Policy.LearningRate.mean": {
            "value": 0.0002883051038983,
            "min": 0.0002883051038983,
            "max": 0.00029938386020538,
            "count": 19
        },
        "DroneAgent.Policy.LearningRate.sum": {
            "value": 0.0002883051038983,
            "min": 0.0002883051038983,
            "max": 0.00029938386020538,
            "count": 19
        },
        "DroneAgent.Policy.Epsilon.mean": {
            "value": 0.19610169999999996,
            "min": 0.19610169999999996,
            "max": 0.19979461999999992,
            "count": 19
        },
        "DroneAgent.Policy.Epsilon.sum": {
            "value": 0.19610169999999996,
            "min": 0.19610169999999996,
            "max": 0.19979461999999992,
            "count": 19
        },
        "DroneAgent.Policy.Beta.mean": {
            "value": 0.00048089833000000004,
            "min": 0.00048089833000000004,
            "max": 0.0004989936379999999,
            "count": 19
        },
        "DroneAgent.Policy.Beta.sum": {
            "value": 0.00048089833000000004,
            "min": 0.00048089833000000004,
            "max": 0.0004989936379999999,
            "count": 19
        }
    },
    "metadata": {
        "timer_format_version": "0.1.0",
        "start_time_seconds": "1713492752",
        "python_version": "3.10.2 (tags/v3.10.2:a58ebcc, Jan 17 2022, 14:12:15) [MSC v.1929 64 bit (AMD64)]",
        "command_line_arguments": "D:\\Unity Projects\\ML-Agents\\venv_3-10\\Scripts\\mlagents-learn MLAgents/config/moveToGoal.yaml --run-id DroneAgent0 --force",
        "mlagents_version": "1.0.0",
        "mlagents_envs_version": "1.0.0",
        "communication_protocol_version": "1.5.0",
        "pytorch_version": "2.2.2+cu118",
        "numpy_version": "1.21.2",
        "end_time_seconds": "1713493136"
    },
    "total": 383.8837444000019,
    "count": 1,
    "self": 0.017340900005365256,
    "children": {
        "run_training.setup": {
            "total": 0.13704439999855822,
            "count": 1,
            "self": 0.13704439999855822
        },
        "TrainerController.start_learning": {
            "total": 383.72935909999796,
            "count": 1,
            "self": 0.7163832997030113,
            "children": {
                "TrainerController._reset_env": {
                    "total": 10.86944080000103,
                    "count": 1,
                    "self": 10.86944080000103
                },
                "TrainerController.advance": {
                    "total": 371.87502240029426,
                    "count": 22552,
                    "self": 0.5876846997634857,
                    "children": {
                        "env_step": {
                            "total": 165.60249080065842,
                            "count": 22552,
                            "self": 140.0873690003209,
                            "children": {
                                "SubprocessEnvManager._take_step": {
                                    "total": 25.129955900054483,
                                    "count": 22552,
                                    "self": 0.9050134000062826,
                                    "children": {
                                        "TorchPolicy.evaluate": {
                                            "total": 24.2249425000482,
                                            "count": 8041,
                                            "self": 24.2249425000482
                                        }
                                    }
                                },
                                "workers": {
                                    "total": 0.38516590028302744,
                                    "count": 22551,
                                    "self": 0.0,
                                    "children": {
                                        "worker_root": {
                                            "total": 366.9436148000532,
                                            "count": 22551,
                                            "is_parallel": true,
                                            "self": 267.84612729987566,
                                            "children": {
                                                "steps_from_proto": {
                                                    "total": 0.0005205999987083487,
                                                    "count": 1,
                                                    "is_parallel": true,
                                                    "self": 0.00015010000061010942,