{"count":1,"self":118.8006528,"total":723.2004866,"children":{"InitializeActuators":{"count":50,"self":0.0049995,"total":0.0049995,"children":null},"InitializeSensors":{"count":50,"self":0.005003,"total":0.005003,"children":null},"AgentSendState":{"count":102901,"self":1.8317948,"total":17.8078267,"children":{"CollectObservations":{"count":1029050,"self":3.7964955999999996,"total":3.7964957,"children":null},"WriteActionMask":{"count":1029050,"self":0.20638769999999998,"total":0.20638769999999998,"children":null},"RequestDecision":{"count":1029050,"self":1.5820516999999998,"total":11.973148499999999,"children":{"AgentInfo.ToProto":{"count":1029050,"self":1.3611791,"total":10.3910968,"children":{"GenerateSensorData":{"count":1029050,"self":9.0299176,"total":9.0299177,"children":null}}}}}}},"DecideAction":{"count":102901,"self":572.1101312,"total":572.1101163,"children":null},"AgentAct":{"count":102901,"self":14.0846544,"total":14.084653999999999,"children":null},"AgentInfo.ToProto":{"count":16240,"self":0.1006653,"total":0.38623419999999997,"children":{"GenerateSensorData":{"count":16240,"self":0.2855689,"total":0.2855689,"children":null}}}},"gauges":{"DroneRacerB.CumulativeReward":{"count":16240,"max":807.4881,"min":199.073181,"runningAverage":384.585175,"value":503.71814,"weightedAverage":542.296143}},"metadata":{"timer_format_version":"0.1.0","start_time_seconds":"1713811415","unity_version":"2021.3.37f1","command_line_arguments":"C:\\Program Files\\Unity\\Hub\\Editor\\2021.3.37f1\\Editor\\Unity.exe -projectpath D:\\Unity Projects\\ML-Agents\\MLAgents -useHub -hubIPC -cloudEnvironment production -licensingIpc LicenseClient-jrsan -hubSessionId 36056332-0c47-4bd3-9645-d524d7aa2908 -accessToken MehIcYnnIkzt8xW7K3dlUeJReDIfCyyN4qqy4_SdUMw012f","communication_protocol_version":"1.5.0","com.unity.ml-agents_version":"2.0.1","scene_name":"RacingCourse","end_time_seconds":"1713812138"}}