{"count":1,"self":372.38819839999996,"total":2743.4698872999998,"children":{"InitializeActuators":{"count":50,"self":0.0020009,"total":0.0020009,"children":null},"InitializeSensors":{"count":50,"self":0.0029974999999999997,"total":0.0029974999999999997,"children":null},"AgentSendState":{"count":372584,"self":7.2363159999999995,"total":66.0975108,"children":{"CollectObservations":{"count":3725850,"self":14.692323199999999,"total":14.6923228,"children":null},"WriteActionMask":{"count":3725850,"self":0.758357,"total":0.758357,"children":null},"RequestDecision":{"count":3725850,"self":6.0155664,"total":43.4105148,"children":{"AgentInfo.ToProto":{"count":3725850,"self":4.9122575999999993,"total":37.394948299999996,"children":{"GenerateSensorData":{"count":3725850,"self":32.4826912,"total":32.4826909,"children":null}}}}}}},"DecideAction":{"count":372584,"self":2243.127296,"total":2243.1272504999997,"children":null},"AgentAct":{"count":372584,"self":60.428883199999994,"total":60.4288818,"children":null},"AgentInfo.ToProto":{"count":61943,"self":0.355498,"total":1.4215384,"children":{"GenerateSensorData":{"count":61943,"self":1.0660403999999999,"total":1.0660403999999999,"children":null}}}},"gauges":{"DroneRacerE.CumulativeReward":{"count":61943,"max":1736.90869,"min":402.5872,"runningAverage":1244.528,"value":1340.52063,"weightedAverage":1363.19714}},"metadata":{"timer_format_version":"0.1.0","start_time_seconds":"1713975265","unity_version":"2021.3.37f1","command_line_arguments":"C:\\Program Files\\Unity\\Hub\\Editor\\2021.3.37f1\\Editor\\Unity.exe -projectpath D:\\Unity Projects\\ML-Agents\\MLAgents -useHub -hubIPC -cloudEnvironment production -licensingIpc LicenseClient-jrsan -hubSessionId 56a554ad-0b33-4ea7-a0a5-c4cf5aff2adc -accessToken B4lUS3jjO-BxmmPjHLH03MdjhWdaeQlIoxalkbB8Ifs012f","communication_protocol_version":"1.5.0","com.unity.ml-agents_version":"2.0.1","scene_name":"RacingCourse","end_time_seconds":"1713978008"}}