{"count":1,"self":2197.869568,"total":11687.0823682,"children":{"InitializeActuators":{"count":50,"self":0.0030012,"total":0.0030012,"children":null},"InitializeSensors":{"count":50,"self":0.0019982999999999997,"total":0.0019982999999999997,"children":null},"AgentSendState":{"count":1163084,"self":21.4320704,"total":196.0395896,"children":{"CollectObservations":{"count":11630850,"self":43.0811968,"total":43.0811973,"children":null},"WriteActionMask":{"count":11630850,"self":2.4964588,"total":2.4964588,"children":null},"RequestDecision":{"count":11630850,"self":17.789199999999997,"total":129.0298627,"children":{"AgentInfo.ToProto":{"count":11630850,"self":14.0990352,"total":111.24066309999999,"children":{"GenerateSensorData":{"count":11630850,"self":97.1416256,"total":97.1416282,"children":null}}}}}}},"DecideAction":{"count":1163084,"self":9100.6828544,"total":9100.6826057999988,"children":null},"AgentAct":{"count":1163084,"self":179.06374399999999,"total":179.06374639999999,"children":null},"AgentInfo.ToProto":{"count":773749,"self":2.8334007999999997,"total":13.421333599999999,"children":{"GenerateSensorData":{"count":773749,"self":10.587932799999999,"total":10.5879329,"children":null}}}},"gauges":{"DroneRacerE.CumulativeReward":{"count":773749,"max":1251.47119,"min":-4.98285341,"runningAverage":176.8897,"value":2.03035665,"weightedAverage":3.169924}},"metadata":{"timer_format_version":"0.1.0","start_time_seconds":"1713914213","unity_version":"2021.3.37f1","command_line_arguments":"C:\\Program Files\\Unity\\Hub\\Editor\\2021.3.37f1\\Editor\\Unity.exe -projectpath D:\\Unity Projects\\ML-Agents\\MLAgents -useHub -hubIPC -cloudEnvironment production -licensingIpc LicenseClient-jrsan -hubSessionId 554ff8f5-d439-4e12-b872-f924ff4c29cb -accessToken LNe5WBr8GS-KoKhZBYH9nI6QB20H9OOFeFCeaz-k_ZM012f","communication_protocol_version":"1.5.0","com.unity.ml-agents_version":"2.0.1","scene_name":"RacingCourse","end_time_seconds":"1713925900"}}