{"count":1,"self":13.357266399999999,"total":136.6871808,"children":{"InitializeActuators":{"count":25,"self":0.0025031999999999997,"total":0.0025031999999999997,"children":null},"InitializeSensors":{"count":25,"self":0.0019445999999999999,"total":0.0019445999999999999,"children":null},"AgentSendState":{"count":14067,"self":0.19633399999999998,"total":15.465902799999999,"children":{"CollectObservations":{"count":70350,"self":0.1532671,"total":0.1532671,"children":null},"WriteActionMask":{"count":70350,"self":0.0235371,"total":0.0235371,"children":null},"RequestDecision":{"count":70350,"self":0.1826507,"total":15.092764599999999,"children":{"AgentInfo.ToProto":{"count":70350,"self":0.1698124,"total":14.910113899999999,"children":{"GenerateSensorData":{"count":70350,"self":14.7403008,"total":14.7403015,"children":null}}}}}}},"DecideAction":{"count":14067,"self":47.61552,"total":47.6155184,"children":null},"AgentAct":{"count":14067,"self":60.148499199999996,"total":60.2174206,"children":{"AgentInfo.ToProto":{"count":306,"self":0.0033254,"total":0.0689183,"children":{"GenerateSensorData":{"count":306,"self":0.0655929,"total":0.0655929,"children":null}}}}},"AgentInfo.ToProto":{"count":90,"self":0,"total":0.024625599999999997,"children":{"GenerateSensorData":{"count":90,"self":0.024625599999999997,"total":0.024625599999999997,"children":null}}}},"gauges":{"DroneAgent.CumulativeReward":{"count":396,"max":1,"min":-1,"runningAverage":-0.191919178,"value":0,"weightedAverage":-0.0487463437}},"metadata":{"timer_format_version":"0.1.0","start_time_seconds":"1713412000","unity_version":"2021.3.37f1","command_line_arguments":"C:\\Program Files\\Unity\\Hub\\Editor\\2021.3.37f1\\Editor\\Unity.exe -projectpath D:\\Unity Projects\\ML-Agents\\MLAgents -useHub -hubIPC -cloudEnvironment production -licensingIpc LicenseClient-jrsan -hubSessionId 31e106c3-ec68-44b6-9909-f13264361385 -accessToken MdK8z8jBZsJF2vKKFTJOk6Lk4D_-Bpf1kT2U5ruV0_k012f","communication_protocol_version":"1.5.0","com.unity.ml-agents_version":"2.0.1","scene_name":"Training_Prod","end_time_seconds":"1713412136"}}