{
    "name": "root",
    "gauges": {
        "DroneRacerB.Policy.Entropy.mean": {
            "value": 0.9585537910461426,
            "min": 0.9569540619850159,
            "max": 1.040099859237671,
            "count": 79
        },
        "DroneRacerB.Policy.Entropy.sum": {
            "value": 9489.6826171875,
            "min": 8463.5927734375,
            "max": 11805.1328125,
            "count": 79
        },
        "DroneRacerB.Environment.EpisodeLength.mean": {
            "value": 36.821969696969695,
            "min": 36.821969696969695,
            "max": 55.768844221105525,
            "count": 79
        },
        "DroneRacerB.Environment.EpisodeLength.sum": {
            "value": 9721.0,
            "min": 8276.0,
            "max": 11162.0,
            "count": 79
        },
        "DroneRacerB.Step.mean": {
            "value": 789971.0,
            "min": 9950.0,
            "max": 789971.0,
            "count": 79
        },
        "DroneRacerB.Step.sum": {
            "value": 789971.0,
            "min": 9950.0,
            "max": 789971.0,
            "count": 79
        },
        "DroneRacerB.Policy.ExtrinsicValueEstimate.mean": {
            "value": 4.001739501953125,
            "min": -4.880971908569336,
            "max": 4.02431058883667,
            "count": 79
        },
        "DroneRacerB.Policy.ExtrinsicValueEstimate.sum": {
            "value": 1060.4609375,
            "min": -922.503662109375,
            "max": 1060.4609375,
            "count": 79
        },
        "DroneRacerB.Environment.CumulativeReward.mean": {
            "value": -13.097772060921699,
            "min": -13.097772060921699,
            "max": 15.14971740988263,
            "count": 79
        },
        "DroneRacerB.Environment.CumulativeReward.sum": {
            "value": -3457.8118240833282,
            "min": -3457.8118240833282,
            "max": 3673.297435939312,
            "count": 79
        },
        "DroneRacerB.Policy.ExtrinsicReward.mean": {
            "value": -13.097772060921699,
            "min": -13.097772060921699,
            "max": 15.14971740988263,
            "count": 79
        },
        "DroneRacerB.Policy.ExtrinsicReward.sum": {
            "value": -3457.8118240833282,
            "min": -3457.8118240833282,
            "max": 3673.297435939312,
            "count": 79
        },
        "DroneRacerB.IsTraining.mean": {
            "value": 1.0,
            "min": 1.0,
            "max": 1.0,
            "count": 79
        },
        "DroneRacerB.IsTraining.sum": {
            "value": 1.0,
            "min": 1.0,
            "max": 1.0,
            "count": 79
        },
        "DroneRacerB.Losses.PolicyLoss.mean": {
            "value": 0.0293173772127678,
            "min": 0.017721811402589084,
            "max": 0.03309961855411529,
            "count": 72
        },
        "DroneRacerB.Losses.PolicyLoss.sum": {
            "value": 0.0293173772127678,
            "min": 0.017721811402589084,
            "max": 0.03309961855411529,
            "count": 72
        },
        "DroneRacerB.Losses.ValueLoss.mean": {
            "value": 170.24219156901043,
            "min": 0.18681468543681232,
            "max": 14535.688834635417,
            "count": 72
        },
        "DroneRacerB.Losses.ValueLoss.sum": {
            "value": 170.24219156901043,
            "min": 0.18681468543681232,
            "max": 14535.688834635417,
            "count": 72
        },
        "DroneRacerB.Policy.LearningRate.mean": {
            "value": 0.00029763870978709685,
            "min": 0.00029763870978709685,
            "max": 0.00029996595001135,
            "count": 72
        },
        "DroneRacerB.Policy.LearningRate.sum": {
            "value": 0.00029763870978709685,
            "min": 0.00029763870978709685,
            "max": 0.00029996595001135,
            "count": 72
        },
        "DroneRacerB.Policy.Epsilon.mean": {
            "value": 0.19921290300000002,
            "min": 0.19921290300000002,
            "max": 0.19998865000000002,
            "count": 72
        },
        "DroneRacerB.Policy.Epsilon.sum": {
            "value": 0.19921290300000002,
            "min": 0.19921290300000002,
            "max": 0.19998865000000002,
            "count": 72
        },
        "DroneRacerB.Policy.Beta.mean": {
            "value": 0.0004961432246999997,
            "min": 0.0004961432246999997,
            "max": 0.000499944385,
            "count": 72
        },
        "DroneRacerB.Policy.Beta.sum": {
            "value": 0.0004961432246999997,
            "min": 0.0004961432246999997,
            "max": 0.000499944385,
            "count": 72
        }
    },
    "metadata": {
        "timer_format_version": "0.1.0",
        "start_time_seconds": "1713800009",
        "python_version": "3.10.2 (tags/v3.10.2:a58ebcc, Jan 17 2022, 14:12:15) [MSC v.1929 64 bit (AMD64)]",
        "command_line_arguments": "D:\\Unity Projects\\ML-Agents\\venv_3-10\\Scripts\\mlagents-learn D:\\Unity Projects\\ML-Agents\\MLAgents\\config\\DroneRacerB.yaml --run-id DroneRacerB1 --force --initialize-from DroneRacerB0",
        "mlagents_version": "1.0.0",
        "mlagents_envs_version": "1.0.0",
        "communication_protocol_version": "1.5.0",
        "pytorch_version": "2.2.2+cu118",
        "numpy_version": "1.21.2",
        "end_time_seconds": "1713800551"
    },
    "total": 542.7080810999998,
    "count": 1,
    "self": 0.008893699999589444,
    "children": {
        "run_training.setup": {
            "total": 0.128646099999969,
            "count": 1,
            "self": 0.128646099999969
        },
        "TrainerController.start_learning": {
            "total": 542.5705413000003,
            "count": 1,
            "self": 0.4276017000358934,
            "children": {
                "TrainerController._reset_env": {
                    "total": 10.166644800000086,
                    "count": 1,
                    "self": 10.166644800000086
                },
                "TrainerController.advance": {
                    "total": 531.8115409999641,
                    "count": 20558,
                    "self": 0.39371439994056345,
                    "children": {
                        "env_step": {
                            "total": 302.94248369998195,
                            "count": 20558,
                            "self": 255.05419839997558,
                            "children": {
                                "SubprocessEnvManager._take_step": {
                                    "total": 47.61284579997232,
                                    "count": 20558,
                                    "self": 1.572497499951396,
                                    "children": {
                                        "TorchPolicy.evaluate": {
                                            "total": 46.04034830002092,
                                            "count": 15991,
                                            "self": 46.04034830002092
                                        }
                                    }
                                },
                                "workers": {
                                    "total": 0.2754395000340537,
                                    "count": 20557,
                                    "self": 0.0,
                                    "children": {
                                        "worker_root": {
                                            "total": 528.6978250999728,
                                            "count": 20557,
                                            "is_parallel": true,
                                            "self": 321.4623098999705,
                                            "children": {
                                                "steps_from_proto": {
                                                    "total": 0.0010959000001093955,