{
    "name": "root",
    "gauges": {
        "MoveToGoal.Policy.Entropy.mean": {
            "value": 1.3174495697021484,
            "min": 1.3174495697021484,
            "max": 1.3273200988769531,
            "count": 6
        },
        "MoveToGoal.Policy.Entropy.sum": {
            "value": 12911.005859375,
            "min": 12911.005859375,
            "max": 14076.2294921875,
            "count": 6
        },
        "MoveToGoal.Environment.EpisodeLength.mean": {
            "value": 25.991935483870968,
            "min": 25.471052631578946,
            "max": 37.84375,
            "count": 6
        },
        "MoveToGoal.Environment.EpisodeLength.sum": {
            "value": 9669.0,
            "min": 9183.0,
            "max": 9941.0,
            "count": 6
        },
        "MoveToGoal.Step.mean": {
            "value": 59973.0,
            "min": 9976.0,
            "max": 59973.0,
            "count": 6
        },
        "MoveToGoal.Step.sum": {
            "value": 59973.0,
            "min": 9976.0,
            "max": 59973.0,
            "count": 6
        },
        "MoveToGoal.Policy.ExtrinsicValueEstimate.mean": {
            "value": 0.6634942293167114,
            "min": -1.5606129169464111,
            "max": 0.6634942293167114,
            "count": 6
        },
        "MoveToGoal.Policy.ExtrinsicValueEstimate.sum": {
            "value": 254.1182861328125,
            "min": -571.184326171875,
            "max": 254.1182861328125,
            "count": 6
        },
        "MoveToGoal.Environment.CumulativeReward.mean": {
            "value": 0.7628032345013477,
            "min": 0.52734375,
            "max": 0.7628032345013477,
            "count": 6
        },
        "MoveToGoal.Environment.CumulativeReward.sum": {
            "value": 283.0,
            "min": 135.0,
            "max": 283.0,
            "count": 6
        },
        "MoveToGoal.Policy.ExtrinsicReward.mean": {
            "value": 0.7628032345013477,
            "min": 0.52734375,
            "max": 0.7628032345013477,
            "count": 6
        },
        "MoveToGoal.Policy.ExtrinsicReward.sum": {
            "value": 283.0,
            "min": 135.0,
            "max": 283.0,
            "count": 6
        },
        "MoveToGoal.IsTraining.mean": {
            "value": 1.0,
            "min": 1.0,
            "max": 1.0,
            "count": 6
        },
        "MoveToGoal.IsTraining.sum": {
            "value": 1.0,
            "min": 1.0,
            "max": 1.0,
            "count": 6
        },
        "MoveToGoal.Losses.PolicyLoss.mean": {
            "value": 0.01969886732598146,
            "min": 0.01969886732598146,
            "max": 0.02944949807909628,
            "count": 5
        },
        "MoveToGoal.Losses.PolicyLoss.sum": {
            "value": 0.01969886732598146,
            "min": 0.01969886732598146,
            "max": 0.02944949807909628,
            "count": 5
        },
        "MoveToGoal.Losses.ValueLoss.mean": {
            "value": 0.1301543948551019,
            "min": 0.1301543948551019,
            "max": 2.11886505484581,
            "count": 5
        },
        "MoveToGoal.Losses.ValueLoss.sum": {
            "value": 0.1301543948551019,
            "min": 0.1301543948551019,
            "max": 2.11886505484581,
            "count": 5
        },
        "MoveToGoal.Policy.LearningRate.mean": {
            "value": 0.00026920441026519995,
            "min": 0.00026920441026519995,
            "max": 0.0002938506020498,
            "count": 5
        },
        "MoveToGoal.Policy.LearningRate.sum": {
            "value": 0.00026920441026519995,
            "min": 0.00026920441026519995,
            "max": 0.0002938506020498,
            "count": 5
        },
        "MoveToGoal.Policy.Epsilon.mean": {
            "value": 0.18973480000000004,
            "min": 0.18973480000000004,
            "max": 0.19795020000000008,
            "count": 5
        },
        "MoveToGoal.Policy.Epsilon.sum": {
            "value": 0.18973480000000004,
            "min": 0.18973480000000004,
            "max": 0.19795020000000008,
            "count": 5
        },
        "MoveToGoal.Policy.Beta.mean": {
            "value": 0.0004497005200000001,
            "min": 0.0004497005200000001,
            "max": 0.00048995598,
            "count": 5
        },
        "MoveToGoal.Policy.Beta.sum": {
            "value": 0.0004497005200000001,
            "min": 0.0004497005200000001,
            "max": 0.00048995598,
            "count": 5
        }
    },
    "metadata": {
        "timer_format_version": "0.1.0",
        "start_time_seconds": "1713162850",
        "python_version": "3.10.2 (tags/v3.10.2:a58ebcc, Jan 17 2022, 14:12:15) [MSC v.1929 64 bit (AMD64)]",
        "command_line_arguments": "D:\\Unity Projects\\ML-Agents\\venv_3-10\\Scripts\\mlagents-learn MLAgents/config/moveToGoal.yaml --initialize-from=MoveToGoal2 --run-id=MoveToGoal3",
        "mlagents_version": "1.0.0",
        "mlagents_envs_version": "1.0.0",
        "communication_protocol_version": "1.5.0",
        "pytorch_version": "2.2.2+cu118",
        "numpy_version": "1.21.2",
        "end_time_seconds": "1713162958"
    },
    "total": 107.92117040000085,
    "count": 1,
    "self": 0.010595800002192846,
    "children": {
        "run_training.setup": {
            "total": 0.14782389999891166,
            "count": 1,
            "self": 0.14782389999891166
        },
        "TrainerController.start_learning": {
            "total": 107.76275069999974,
            "count": 1,
            "self": 0.08748460011702264,
            "children": {
                "TrainerController._reset_env": {
                    "total": 14.286851099997875,
                    "count": 1,
                    "self": 14.286851099997875
                },
                "TrainerController.advance": {
                    "total": 93.17154829988795,
                    "count": 3481,
                    "self": 0.0796689000162587,
                    "children": {
                        "env_step": {
                            "total": 67.82078529986029,
                            "count": 3481,
                            "self": 62.10654809985499,
                            "children": {
                                "SubprocessEnvManager._take_step": {
                                    "total": 5.663640199916699,
                                    "count": 3481,
                                    "self": 0.1796442999766441,
                                    "children": {
                                        "TorchPolicy.evaluate": {
                                            "total": 5.483995899940055,
                                            "count": 1881,
                                            "self": 5.483995899940055
                                        }
                                    }
                                },
                                "workers": {
                                    "total": 0.05059700008860091,
                                    "count": 3480,
                                    "self": 0.0,
                                    "children": {
                                        "worker_root": {
                                            "total": 57.41989189995002,
                                            "count": 3480,
                                            "is_parallel": true,
                                            "self": 38.637086199916666,
                                            "children": {
                                                "steps_from_proto": {
                                                    "total": 0.000657200002024183,
                                                    "count": 1,
                                                    "is_parallel": true,
                                                    "self": 0.000194500000361586,