{
    "name": "root",
    "gauges": {
        "MoveToGoal.Policy.Entropy.mean": {
            "value": 1.2952535152435303,
            "min": 1.2952535152435303,
            "max": 1.3273200988769531,
            "count": 50
        },
        "MoveToGoal.Policy.Entropy.sum": {
            "value": 12965.48828125,
            "min": 12838.8955078125,
            "max": 14122.685546875,
            "count": 50
        },
        "MoveToGoal.Environment.EpisodeLength.mean": {
            "value": 12.46164199192463,
            "min": 12.353805073431241,
            "max": 32.03597122302158,
            "count": 50
        },
        "MoveToGoal.Environment.EpisodeLength.sum": {
            "value": 9259.0,
            "min": 8906.0,
            "max": 10255.0,
            "count": 50
        },
        "MoveToGoal.Step.mean": {
            "value": 499996.0,
            "min": 9959.0,
            "max": 499996.0,
            "count": 50
        },
        "MoveToGoal.Step.sum": {
            "value": 499996.0,
            "min": 9959.0,
            "max": 499996.0,
            "count": 50
        },
        "MoveToGoal.Policy.ExtrinsicValueEstimate.mean": {
            "value": 0.9329448938369751,
            "min": -1.3020893335342407,
            "max": 0.9345619678497314,
            "count": 50
        },
        "MoveToGoal.Policy.ExtrinsicValueEstimate.sum": {
            "value": 693.1780395507812,
            "min": -433.59576416015625,
            "max": 699.250244140625,
            "count": 50
        },
        "MoveToGoal.Environment.CumulativeReward.mean": {
            "value": 0.9973082099596231,
            "min": 0.6967509025270758,
            "max": 1.0,
            "count": 50
        },
        "MoveToGoal.Environment.CumulativeReward.sum": {
            "value": 741.0,
            "min": 193.0,
            "max": 749.0,
            "count": 50
        },
        "MoveToGoal.Policy.ExtrinsicReward.mean": {
            "value": 0.9973082099596231,
            "min": 0.6967509025270758,
            "max": 1.0,
            "count": 50
        },
        "MoveToGoal.Policy.ExtrinsicReward.sum": {
            "value": 741.0,
            "min": 193.0,
            "max": 749.0,
            "count": 50
        },
        "MoveToGoal.IsTraining.mean": {
            "value": 1.0,
            "min": 1.0,
            "max": 1.0,
            "count": 50
        },
        "MoveToGoal.IsTraining.sum": {
            "value": 1.0,
            "min": 1.0,
            "max": 1.0,
            "count": 50
        },
        "MoveToGoal.Losses.PolicyLoss.mean": {
            "value": 0.028451178052152196,
            "min": 0.01479787800150613,
            "max": 0.034298361651599406,
            "count": 48
        },
        "MoveToGoal.Losses.PolicyLoss.sum": {
            "value": 0.028451178052152196,
            "min": 0.01479787800150613,
            "max": 0.034298361651599406,
            "count": 48
        },
        "MoveToGoal.Losses.ValueLoss.mean": {
            "value": 0.0033819215993086496,
            "min": 0.003175483977732559,
            "max": 1.5691303849220275,
            "count": 48
        },
        "MoveToGoal.Losses.ValueLoss.sum": {
            "value": 0.0033819215993086496,
            "min": 0.003175483977732559,
            "max": 1.5691303849220275,
            "count": 48
        },
        "MoveToGoal.Policy.LearningRate.mean": {
            "value": 4.613498462200001e-06,
            "min": 4.613498462200001e-06,
            "max": 0.00029384160205279985,
            "count": 48
        },
        "MoveToGoal.Policy.LearningRate.sum": {
            "value": 4.613498462200001e-06,
            "min": 4.613498462200001e-06,
            "max": 0.00029384160205279985,
            "count": 48
        },
        "MoveToGoal.Policy.Epsilon.mean": {
            "value": 0.10153780000000001,
            "min": 0.10153780000000001,
            "max": 0.19794719999999996,
            "count": 48
        },
        "MoveToGoal.Policy.Epsilon.sum": {
            "value": 0.10153780000000001,
            "min": 0.10153780000000001,
            "max": 0.19794719999999996,
            "count": 48
        },
        "MoveToGoal.Policy.Beta.mean": {
            "value": 1.7535220000000003e-05,
            "min": 1.7535220000000003e-05,
            "max": 0.0004899412799999999,
            "count": 48
        },
        "MoveToGoal.Policy.Beta.sum": {
            "value": 1.7535220000000003e-05,
            "min": 1.7535220000000003e-05,
            "max": 0.0004899412799999999,
            "count": 48
        }
    },
    "metadata": {
        "timer_format_version": "0.1.0",
        "start_time_seconds": "1713162965",
        "python_version": "3.10.2 (tags/v3.10.2:a58ebcc, Jan 17 2022, 14:12:15) [MSC v.1929 64 bit (AMD64)]",
        "command_line_arguments": "D:\\Unity Projects\\ML-Agents\\venv_3-10\\Scripts\\mlagents-learn MLAgents/config/moveToGoal.yaml --initialize-from=MoveToGoal2 --run-id=MoveToGoal3 --force",
        "mlagents_version": "1.0.0",
        "mlagents_envs_version": "1.0.0",
        "communication_protocol_version": "1.5.0",
        "pytorch_version": "2.2.2+cu118",
        "numpy_version": "1.21.2",
        "end_time_seconds": "1713163470"
    },
    "total": 504.3913576999985,
    "count": 1,
    "self": 0.017696599999908358,
    "children": {
        "run_training.setup": {
            "total": 0.1518168999973568,
            "count": 1,
            "self": 0.1518168999973568
        },
        "TrainerController.start_learning": {
            "total": 504.2218442000012,
            "count": 1,
            "self": 0.890543700181297,
            "children": {
                "TrainerController._reset_env": {
                    "total": 14.011410699997214,
                    "count": 1,
                    "self": 14.011410699997214
                },
                "TrainerController.advance": {
                    "total": 489.2249036998219,
                    "count": 33649,
                    "self": 0.78259039972545,
                    "children": {
                        "env_step": {
                            "total": 250.3050660004592,
                            "count": 33649,
                            "self": 208.44853370058627,
                            "children": {
                                "SubprocessEnvManager._take_step": {
                                    "total": 41.35177240028497,
                                    "count": 33649,
                                    "self": 1.5448122003945173,
                                    "children": {
                                        "TorchPolicy.evaluate": {
                                            "total": 39.806960199890455,
                                            "count": 14292,
                                            "self": 39.806960199890455
                                        }
                                    }
                                },
                                "workers": {
                                    "total": 0.5047598995879525,
                                    "count": 33649,
                                    "self": 0.0,
                                    "children": {
                                        "worker_root": {
                                            "total": 490.8038580003995,
                                            "count": 33649,
                                            "is_parallel": true,
                                            "self": 334.6269146006962,
                                            "children": {
                                                "steps_from_proto": {
                                                    "total": 0.0006355000004987232,
                                                    "count": 1,
                                                    "is_parallel": true,