{
    "name": "root",
    "gauges": {
        "DroneRacerB.Policy.Entropy.mean": {
            "value": -1.3253443241119385,
            "min": -1.3253443241119385,
            "max": -1.2044553756713867,
            "count": 121
        },
        "DroneRacerB.Policy.Entropy.sum": {
            "value": -13319.7109375,
            "min": -15024.1513671875,
            "max": -10898.3837890625,
            "count": 121
        },
        "DroneRacerB.Environment.EpisodeLength.mean": {
            "value": 66.83892617449665,
            "min": 53.72527472527472,
            "max": 69.29078014184397,
            "count": 121
        },
        "DroneRacerB.Environment.EpisodeLength.sum": {
            "value": 9959.0,
            "min": 9441.0,
            "max": 10237.0,
            "count": 121
        },
        "DroneRacerB.Step.mean": {
            "value": 1209987.0,
            "min": 9968.0,
            "max": 1209987.0,
            "count": 121
        },
        "DroneRacerB.Step.sum": {
            "value": 1209987.0,
            "min": 9968.0,
            "max": 1209987.0,
            "count": 121
        },
        "DroneRacerB.Policy.ExtrinsicValueEstimate.mean": {
            "value": 114.24630737304688,
            "min": -1356.96435546875,
            "max": 81360.9921875,
            "count": 121
        },
        "DroneRacerB.Policy.ExtrinsicValueEstimate.sum": {
            "value": 29132.80859375,
            "min": -321600.5625,
            "max": 19201194.0,
            "count": 121
        },
        "DroneRacerB.Environment.CumulativeReward.mean": {
            "value": 522.521923019907,
            "min": 28.269183382078385,
            "max": 126779.64689725988,
            "count": 121
        },
        "DroneRacerB.Environment.CumulativeReward.sum": {
            "value": 77855.76652996615,
            "min": 4176.70028648572,
            "max": 19397285.97528076,
            "count": 121
        },
        "DroneRacerB.Policy.ExtrinsicReward.mean": {
            "value": 522.521923019907,
            "min": 28.269183382078385,
            "max": 126779.64689725988,
            "count": 121
        },
        "DroneRacerB.Policy.ExtrinsicReward.sum": {
            "value": 77855.76652996615,
            "min": 4176.70028648572,
            "max": 19397285.97528076,
            "count": 121
        },
        "DroneRacerB.IsTraining.mean": {
            "value": 1.0,
            "min": 1.0,
            "max": 1.0,
            "count": 121
        },
        "DroneRacerB.IsTraining.sum": {
            "value": 1.0,
            "min": 1.0,
            "max": 1.0,
            "count": 121
        },
        "DroneRacerB.Losses.PolicyLoss.mean": {
            "value": 0.027394573918233314,
            "min": 0.016090501099824905,
            "max": 0.0349103103702267,
            "count": 117
        },
        "DroneRacerB.Losses.PolicyLoss.sum": {
            "value": 0.027394573918233314,
            "min": 0.016090501099824905,
            "max": 0.0349103103702267,
            "count": 117
        },
        "DroneRacerB.Losses.ValueLoss.mean": {
            "value": 12436.476171875,
            "min": 10860.2533203125,
            "max": 4214843622.4,
            "count": 117
        },
        "DroneRacerB.Losses.ValueLoss.sum": {
            "value": 12436.476171875,
            "min": 10860.2533203125,
            "max": 4214843622.4,
            "count": 117
        },
        "DroneRacerB.Policy.LearningRate.mean": {
            "value": 0.0002963915352028219,
            "min": 0.0002963915352028219,
            "max": 0.00029996916001028,
            "count": 117
        },
        "DroneRacerB.Policy.LearningRate.sum": {
            "value": 0.0002963915352028219,
            "min": 0.0002963915352028219,
            "max": 0.00029996916001028,
            "count": 117
        },
        "DroneRacerB.Policy.Epsilon.mean": {
            "value": 0.1987971780000001,
            "min": 0.1987971780000001,
            "max": 0.19998971999999993,
            "count": 117
        },
        "DroneRacerB.Policy.Epsilon.sum": {
            "value": 0.1987971780000001,
            "min": 0.1987971780000001,
            "max": 0.19998971999999993,
            "count": 117
        },
        "DroneRacerB.Policy.Beta.mean": {
            "value": 0.0004941061721999999,
            "min": 0.0004941061721999999,
            "max": 0.0004999496280000002,
            "count": 117
        },
        "DroneRacerB.Policy.Beta.sum": {
            "value": 0.0004941061721999999,
            "min": 0.0004941061721999999,
            "max": 0.0004999496280000002,
            "count": 117
        }
    },
    "metadata": {
        "timer_format_version": "0.1.0",
        "start_time_seconds": "1713811159",
        "python_version": "3.10.2 (tags/v3.10.2:a58ebcc, Jan 17 2022, 14:12:15) [MSC v.1929 64 bit (AMD64)]",
        "command_line_arguments": "D:\\Unity Projects\\ML-Agents\\venv_3-10\\Scripts\\mlagents-learn D:\\Unity Projects\\ML-Agents\\MLAgents\\config\\DroneRacerB.yaml --run-id DroneRacerB6 --force --initialize-from DroneRacerB5",
        "mlagents_version": "1.0.0",
        "mlagents_envs_version": "1.0.0",
        "communication_protocol_version": "1.5.0",
        "pytorch_version": "2.2.2+cu118",
        "numpy_version": "1.21.2",
        "end_time_seconds": "1713812152"
    },
    "total": 992.6203422000017,
    "count": 1,
    "self": 10.013726200002566,
    "children": {
        "run_training.setup": {
            "total": 0.16580160000012256,
            "count": 1,
            "self": 0.16580160000012256
        },
        "TrainerController.start_learning": {
            "total": 982.440814399999,
            "count": 1,
            "self": 0.8887857999143307,
            "children": {
                "TrainerController._reset_env": {
                    "total": 10.243600499999957,
                    "count": 1,
                    "self": 10.243600499999957
                },
                "TrainerController.advance": {
                    "total": 971.1498958000848,
                    "count": 38661,
                    "self": 0.7845521000872395,
                    "children": {
                        "env_step": {
                            "total": 584.6880014999515,
                            "count": 38661,
                            "self": 511.81240469994736,
                            "children": {
                                "SubprocessEnvManager._take_step": {
                                    "total": 72.35387490004177,
                                    "count": 38664,
                                    "self": 2.3152091000956716,
                                    "children": {
                                        "TorchPolicy.evaluate": {
                                            "total": 70.0386657999461,
                                            "count": 24499,
                                            "self": 70.0386657999461
                                        }
                                    }
                                },
                                "workers": {
                                    "total": 0.5217218999623583,
                                    "count": 38660,
                                    "self": 0.0,
                                    "children": {
                                        "worker_root": {
                                            "total": 854.5507417001281,
                                            "count": 38660,
                                            "is_parallel": true,
                                            "self": 534.4773604998954,
                                            "children": {
                                                "steps_from_proto": {
                                                    "total": 0.00511239999832469,