{
    "name": "root",
    "gauges": {
        "DroneAgent.Policy.Entropy.mean": {
            "value": 0.6278820037841797,
            "min": 0.6278820037841797,
            "max": 0.7275100350379944,
            "count": 63
        },
        "DroneAgent.Policy.Entropy.sum": {
            "value": 6278.8203125,
            "min": 6275.34765625,
            "max": 7472.013671875,
            "count": 63
        },
        "DroneAgent.Environment.EpisodeLength.mean": {
            "value": 7.0891410048622365,
            "min": 6.84,
            "max": 9.485005170630817,
            "count": 63
        },
        "DroneAgent.Environment.EpisodeLength.sum": {
            "value": 8748.0,
            "min": 8341.0,
            "max": 9518.0,
            "count": 63
        },
        "DroneAgent.Step.mean": {
            "value": 629994.0,
            "min": 9996.0,
            "max": 629994.0,
            "count": 63
        },
        "DroneAgent.Step.sum": {
            "value": 629994.0,
            "min": 9996.0,
            "max": 629994.0,
            "count": 63
        },
        "DroneAgent.Policy.ExtrinsicValueEstimate.mean": {
            "value": 0.838835597038269,
            "min": 0.4872039556503296,
            "max": 0.8449044227600098,
            "count": 63
        },
        "DroneAgent.Policy.ExtrinsicValueEstimate.sum": {
            "value": 1046.8668212890625,
            "min": 560.2845458984375,
            "max": 1055.28564453125,
            "count": 63
        },
        "DroneAgent.Environment.CumulativeReward.mean": {
            "value": 0.8948220064724919,
            "min": 0.5855379188712522,
            "max": 0.9069565217391304,
            "count": 63
        },
        "DroneAgent.Environment.CumulativeReward.sum": {
            "value": 1106.0,
            "min": 638.0,
            "max": 1106.0,
            "count": 63
        },
        "DroneAgent.Policy.ExtrinsicReward.mean": {
            "value": 0.8948220064724919,
            "min": 0.5855379188712522,
            "max": 0.9069565217391304,
            "count": 63
        },
        "DroneAgent.Policy.ExtrinsicReward.sum": {
            "value": 1106.0,
            "min": 638.0,
            "max": 1106.0,
            "count": 63
        },
        "DroneAgent.IsTraining.mean": {
            "value": 1.0,
            "min": 1.0,
            "max": 1.0,
            "count": 63
        },
        "DroneAgent.IsTraining.sum": {
            "value": 1.0,
            "min": 1.0,
            "max": 1.0,
            "count": 63
        },
        "DroneAgent.Losses.PolicyLoss.mean": {
            "value": 0.020054837223142385,
            "min": 0.01584761302607755,
            "max": 0.027847518865019082,
            "count": 61
        },
        "DroneAgent.Losses.PolicyLoss.sum": {
            "value": 0.020054837223142385,
            "min": 0.01584761302607755,
            "max": 0.027847518865019082,
            "count": 61
        },
        "DroneAgent.Losses.ValueLoss.mean": {
            "value": 0.06691398521264394,
            "min": 0.06691398521264394,
            "max": 0.33076096375783287,
            "count": 61
        },
        "DroneAgent.Losses.ValueLoss.sum": {
            "value": 0.06691398521264394,
            "min": 0.06691398521264394,
            "max": 0.33076096375783287,
            "count": 61
        },
        "DroneAgent.Policy.LearningRate.mean": {
            "value": 0.0002624923925025399,
            "min": 0.0002624923925025399,
            "max": 0.0002993853602048801,
            "count": 61
        },
        "DroneAgent.Policy.LearningRate.sum": {
            "value": 0.0002624923925025399,
            "min": 0.0002624923925025399,
            "max": 0.0002993853602048801,
            "count": 61
        },
        "DroneAgent.Policy.Epsilon.mean": {
            "value": 0.18749746000000006,
            "min": 0.18749746000000006,
            "max": 0.19979512000000005,
            "count": 61
        },
        "DroneAgent.Policy.Epsilon.sum": {
            "value": 0.18749746000000006,
            "min": 0.18749746000000006,
            "max": 0.19979512000000005,
            "count": 61
        },
        "DroneAgent.Policy.Beta.mean": {
            "value": 0.0004387375540000001,
            "min": 0.0004387375540000001,
            "max": 0.0004989960879999999,
            "count": 61
        },
        "DroneAgent.Policy.Beta.sum": {
            "value": 0.0004387375540000001,
            "min": 0.0004387375540000001,
            "max": 0.0004989960879999999,
            "count": 61
        }
    },
    "metadata": {
        "timer_format_version": "0.1.0",
        "start_time_seconds": "1713502475",
        "python_version": "3.10.2 (tags/v3.10.2:a58ebcc, Jan 17 2022, 14:12:15) [MSC v.1929 64 bit (AMD64)]",
        "command_line_arguments": "D:\\Unity Projects\\ML-Agents\\venv_3-10\\Scripts\\mlagents-learn MLAgents/config/moveToGoal.yaml --run-id DroneAgent4 --force --initialize-from DroneAgent3",
        "mlagents_version": "1.0.0",
        "mlagents_envs_version": "1.0.0",
        "communication_protocol_version": "1.5.0",
        "pytorch_version": "2.2.2+cu118",
        "numpy_version": "1.21.2",
        "end_time_seconds": "1713503596"
    },
    "total": 1121.1296944999995,
    "count": 1,
    "self": 0.017336499993689358,
    "children": {
        "run_training.setup": {
            "total": 0.24523690000205534,
            "count": 1,
            "self": 0.24523690000205534
        },
        "TrainerController.start_learning": {
            "total": 1120.8671211000037,
            "count": 1,
            "self": 2.3834042009257246,
            "children": {
                "TrainerController._reset_env": {
                    "total": 17.516566500002227,
                    "count": 1,
                    "self": 17.516566500002227
                },
                "TrainerController.advance": {
                    "total": 1100.801787999073,
                    "count": 69658,
                    "self": 2.0199892961827572,
                    "children": {
                        "env_step": {
                            "total": 548.3090335011075,
                            "count": 69658,
                            "self": 457.1453300012872,
                            "children": {
                                "SubprocessEnvManager._take_step": {
                                    "total": 89.86986949963466,
                                    "count": 69658,
                                    "self": 3.3095558998466004,
                                    "children": {
                                        "TorchPolicy.evaluate": {
                                            "total": 86.56031359978806,
                                            "count": 25337,
                                            "self": 86.56031359978806
                                        }
                                    }
                                },
                                "workers": {
                                    "total": 1.2938340001855977,
                                    "count": 69657,
                                    "self": 0.0,
                                    "children": {
                                        "worker_root": {
                                            "total": 1094.126393099803,
                                            "count": 69657,
                                            "is_parallel": true,
                                            "self": 761.5227815000326,
                                            "children": {
                                                "steps_from_proto": {
                                                    "total": 0.0006676999983028509,
                                                    "count": 1,
                                                    "is_parallel": true,