{
    "name": "root",
    "gauges": {
        "MoveToGoal.Policy.Entropy.mean": {
            "value": 1.4164646863937378,
            "min": 1.4164646863937378,
            "max": 1.4210158586502075,
            "count": 5
        },
        "MoveToGoal.Policy.Entropy.sum": {
            "value": 70787.8203125,
            "min": 70695.5390625,
            "max": 71924.953125,
            "count": 5
        },
        "MoveToGoal.Environment.EpisodeLength.mean": {
            "value": 163.6184210526316,
            "min": 155.8474025974026,
            "max": 167.4271186440678,
            "count": 5
        },
        "MoveToGoal.Environment.EpisodeLength.sum": {
            "value": 49740.0,
            "min": 48001.0,
            "max": 50103.0,
            "count": 5
        },
        "MoveToGoal.Step.mean": {
            "value": 249939.0,
            "min": 49998.0,
            "max": 249939.0,
            "count": 5
        },
        "MoveToGoal.Step.sum": {
            "value": 249939.0,
            "min": 49998.0,
            "max": 249939.0,
            "count": 5
        },
        "MoveToGoal.Policy.ExtrinsicValueEstimate.mean": {
            "value": -0.16129319369792938,
            "min": -0.9667327404022217,
            "max": -0.16129319369792938,
            "count": 5
        },
        "MoveToGoal.Policy.ExtrinsicValueEstimate.sum": {
            "value": -164.35775756835938,
            "min": -978.3335571289062,
            "max": -164.35775756835938,
            "count": 5
        },
        "MoveToGoal.Environment.CumulativeReward.mean": {
            "value": -0.2565789473684211,
            "min": -0.32247557003257327,
            "max": -0.2565789473684211,
            "count": 5
        },
        "MoveToGoal.Environment.CumulativeReward.sum": {
            "value": -78.0,
            "min": -99.0,
            "max": -78.0,
            "count": 5
        },
        "MoveToGoal.Policy.ExtrinsicReward.mean": {
            "value": -0.2565789473684211,
            "min": -0.32247557003257327,
            "max": -0.2565789473684211,
            "count": 5
        },
        "MoveToGoal.Policy.ExtrinsicReward.sum": {
            "value": -78.0,
            "min": -99.0,
            "max": -78.0,
            "count": 5
        },
        "MoveToGoal.Losses.PolicyLoss.mean": {
            "value": 0.026803452698513863,
            "min": 0.020323596416662138,
            "max": 0.026803452698513863,
            "count": 5
        },
        "MoveToGoal.Losses.PolicyLoss.sum": {
            "value": 0.13401726349256932,
            "min": 0.0962884486032029,
            "max": 0.13401726349256932,
            "count": 5
        },
        "MoveToGoal.Losses.ValueLoss.mean": {
            "value": 0.0053065303744127355,
            "min": 0.0053065303744127355,
            "max": 0.05368809074473878,
            "count": 5
        },
        "MoveToGoal.Losses.ValueLoss.sum": {
            "value": 0.026532651872063676,
            "min": 0.026532651872063676,
            "max": 0.2147523629789551,
            "count": 5
        },
        "MoveToGoal.Policy.LearningRate.mean": {
            "value": 0.00016427032524324008,
            "min": 0.00016427032524324008,
            "max": 0.0002845572051476,
            "count": 5
        },
        "MoveToGoal.Policy.LearningRate.sum": {
            "value": 0.0008213516262162004,
            "min": 0.0008213516262162004,
            "max": 0.0012836640721119996,
            "count": 5
        },
        "MoveToGoal.Policy.Epsilon.mean": {
            "value": 0.15475676,
            "min": 0.15475676,
            "max": 0.19485240000000004,
            "count": 5
        },
        "MoveToGoal.Policy.Epsilon.sum": {
            "value": 0.7737838,
            "min": 0.7737838,
            "max": 0.9278879999999998,
            "count": 5
        },
        "MoveToGoal.Policy.Beta.mean": {
            "value": 0.0027423623240000004,
            "min": 0.0027423623240000004,
            "max": 0.00474313476,
            "count": 5
        },
        "MoveToGoal.Policy.Beta.sum": {
            "value": 0.013711811620000002,
            "min": 0.013711811620000002,
            "max": 0.021401611200000004,
            "count": 5
        },
        "MoveToGoal.IsTraining.mean": {
            "value": 1.0,
            "min": 1.0,
            "max": 1.0,
            "count": 5
        },
        "MoveToGoal.IsTraining.sum": {
            "value": 1.0,
            "min": 1.0,
            "max": 1.0,
            "count": 5
        }
    },
    "metadata": {
        "timer_format_version": "0.1.0",
        "start_time_seconds": "1713379587",
        "python_version": "3.10.2 (tags/v3.10.2:a58ebcc, Jan 17 2022, 14:12:15) [MSC v.1929 64 bit (AMD64)]",
        "command_line_arguments": "D:\\Unity Projects\\ML-Agents\\venv_3-10\\Scripts\\mlagents-learn --run-id Drone0 --force",
        "mlagents_version": "1.0.0",
        "mlagents_envs_version": "1.0.0",
        "communication_protocol_version": "1.5.0",
        "pytorch_version": "2.2.2+cu118",
        "numpy_version": "1.21.2",
        "end_time_seconds": "1713380197"
    },
    "total": 610.2295435000005,
    "count": 1,
    "self": 0.00837740000042686,
    "children": {
        "run_training.setup": {
            "total": 0.04403470000033849,
            "count": 1,
            "self": 0.04403470000033849
        },
        "TrainerController.start_learning": {
            "total": 610.1771313999998,
            "count": 1,
            "self": 0.2905760999465201,
            "children": {
                "TrainerController._reset_env": {
                    "total": 21.79478310000013,
                    "count": 1,
                    "self": 21.79478310000013
                },
                "TrainerController.advance": {
                    "total": 587.9047688000537,
                    "count": 13334,
                    "self": 0.2837628000033874,
                    "children": {
                        "env_step": {
                            "total": 488.60651900006087,
                            "count": 13334,
                            "self": 443.29911460009316,
                            "children": {
                                "SubprocessEnvManager._take_step": {
                                    "total": 45.12474860000657,
                                    "count": 13334,
                                    "self": 0.9174038000055589,
                                    "children": {
                                        "TorchPolicy.evaluate": {
                                            "total": 44.20734480000101,
                                            "count": 12017,
                                            "self": 44.20734480000101
                                        }
                                    }
                                },
                                "workers": {
                                    "total": 0.18265579996113956,
                                    "count": 13333,
                                    "self": 0.0,
                                    "children": {
                                        "worker_root": {
                                            "total": 581.6956811000591,
                                            "count": 13333,
                                            "is_parallel": true,
                                            "self": 168.16672620010195,
                                            "children": {
                                                "steps_from_proto": {
                                                    "total": 0.0004163000003245543,
                                                    "count": 1,
                                                    "is_parallel": true,
                                                    "self": 0.00012900000001536682,